﻿Column1,Country,Somma di t_change,Somma di year
0,Austria,0.527,1993
1,Belgium,,1993
10,Greece,-0.328,1993
100,Poland,-0.787,1996
101,Portugal,0.756,1996
102,Romania,-0.424,1996
103,Slovakia,-0.418,1996
104,Slovenia,-0.12,1996
105,Spain,0.722,1996
106,Sweden,-0.164,1996
107,United Kingdom,-0.142,1996
108,Austria,0.514,1997
109,Belgium,,1997
11,Hungary,0.069,1993
110,Bulgaria,-0.336,1997
111,Cyprus,0.008,1997
112,Czechia,0.141,1997
113,Denmark,0.651,1997
114,Estonia,0.932,1997
115,Finland,0.783,1997
116,France,1.24,1997
117,Germany,0.558,1997
118,Greece,-0.195,1997
119,Hungary,-0.148,1997
12,Ireland,0.064,1993
120,Ireland,0.977,1997
121,Italy,0.931,1997
122,Latvia,0.766,1997
123,Lithuania,0.521,1997
124,Luxembourg,,1997
125,Malta,1.054,1997
126,Netherlands,0.611,1997
127,Poland,0.011,1997
128,Portugal,1.601,1997
129,Romania,-0.422,1997
13,Italy,0.527,1993
130,Slovakia,-0.258,1997
131,Slovenia,0.464,1997
132,Spain,1.535,1997
133,Sweden,0.981,1997
134,United Kingdom,0.882,1997
135,Austria,1.343,1998
136,Belgium,,1998
137,Bulgaria,0.775,1998
138,Cyprus,0.961,1998
139,Czechia,1.258,1998
14,Latvia,0.401,1993
140,Denmark,0.869,1998
141,Estonia,0.542,1998
142,Finland,0.071,1998
143,France,0.947,1998
144,Germany,1.153,1998
145,Greece,0.632,1998
146,Hungary,1.081,1998
147,Ireland,0.937,1998
148,Italy,0.969,1998
149,Latvia,0.657,1998
15,Lithuania,0.297,1993
150,Lithuania,0.74,1998
151,Luxembourg,,1998
152,Malta,0.876,1998
153,Netherlands,1.068,1998
154,Poland,0.947,1998
155,Portugal,1.212,1998
156,Romania,0.785,1998
157,Slovakia,1.021,1998
158,Slovenia,1.359,1998
159,Spain,1.189,1998
16,Luxembourg,,1993
160,Sweden,0.561,1998
161,United Kingdom,0.86,1998
162,Austria,0.986,1999
163,Belgium,,1999
164,Bulgaria,0.696,1999
165,Cyprus,1.079,1999
166,Czechia,1.116,1999
167,Denmark,1.334,1999
168,Estonia,1.524,1999
169,Finland,1.159,1999
17,Malta,0.625,1993
170,France,1.199,1999
171,Germany,1.367,1999
172,Greece,0.8,1999
173,Hungary,0.603,1999
174,Ireland,1.077,1999
175,Italy,0.918,1999
176,Latvia,1.562,1999
177,Lithuania,1.49,1999
178,Luxembourg,,1999
179,Malta,1.268,1999
18,Netherlands,0.25,1993
180,Netherlands,1.574,1999
181,Poland,1.203,1999
182,Portugal,0.634,1999
183,Romania,0.62,1999
184,Slovakia,0.768,1999
185,Slovenia,0.867,1999
186,Spain,0.814,1999
187,Sweden,1.362,1999
188,United Kingdom,1.133,1999
189,Austria,1.769,2000
19,Poland,0.065,1993
190,Belgium,1.484,2000
191,Bulgaria,1.184,2000
192,Cyprus,0.618,2000
193,Czechia,1.914,2000
194,Denmark,1.719,2000
195,Estonia,2.066,2000
196,Finland,2.024,2000
197,France,1.175,2000
198,Germany,1.764,2000
199,Greece,0.679,2000
2,Bulgaria,-0.322,1993
20,Portugal,-0.199,1993
200,Hungary,1.733,2000
201,Ireland,0.577,2000
202,Italy,1.243,2000
203,Latvia,2.022,2000
204,Lithuania,2.026,2000
205,Luxembourg,1.651,2000
206,Malta,1.055,2000
207,Netherlands,1.595,2000
208,Poland,1.887,2000
209,Portugal,0.665,2000
21,Romania,-0.428,1993
210,Romania,1.338,2000
211,Slovakia,1.621,2000
212,Slovenia,1.782,2000
213,Spain,0.81,2000
214,Sweden,1.721,2000
215,United Kingdom,0.724,2000
216,Austria,1.501,2001
217,Belgium,1.336,2001
218,Bulgaria,1.648,2001
219,Cyprus,1.161,2001
22,Slovakia,0.034,1993
220,Czechia,1.228,2001
221,Denmark,1.044,2001
222,Estonia,1.838,2001
223,Finland,1.365,2001
224,France,1.391,2001
225,Germany,1.292,2001
226,Greece,1.314,2001
227,Hungary,1.391,2001
228,Ireland,0.551,2001
229,Italy,1.533,2001
23,Slovenia,0.56,1993
230,Latvia,1.83,2001
231,Lithuania,1.804,2001
232,Luxembourg,1.433,2001
233,Malta,1.669,2001
234,Netherlands,1.266,2001
235,Poland,1.285,2001
236,Portugal,1.165,2001
237,Romania,1.537,2001
238,Slovakia,1.237,2001
239,Slovenia,1.706,2001
24,Spain,-0.059,1993
240,Spain,1.406,2001
241,Sweden,1.071,2001
242,United Kingdom,0.631,2001
243,Austria,1.531,2002
244,Belgium,1.398,2002
245,Bulgaria,0.854,2002
246,Cyprus,0.836,2002
247,Czechia,1.531,2002
248,Denmark,1.652,2002
249,Estonia,1.483,2002
25,Sweden,0.806,1993
250,Finland,1.171,2002
251,France,1.054,2002
252,Germany,1.491,2002
253,Greece,0.435,2002
254,Hungary,1.423,2002
255,Ireland,0.83,2002
256,Italy,0.913,2002
257,Latvia,1.73,2002
258,Lithuania,1.917,2002
259,Luxembourg,1.393,2002
26,United Kingdom,-0.015,1993
260,Malta,0.942,2002
261,Netherlands,1.526,2002
262,Poland,1.7,2002
263,Portugal,0.681,2002
264,Romania,1.22,2002
265,Slovakia,1.376,2002
266,Slovenia,1.498,2002
267,Spain,0.812,2002
268,Sweden,1.566,2002
269,United Kingdom,1.011,2002
27,Austria,1.958,1994
270,Austria,1.464,2003
271,Belgium,1.526,2003
272,Bulgaria,0.181,2003
273,Cyprus,0.585,2003
274,Czechia,1.081,2003
275,Denmark,0.707,2003
276,Estonia,0.234,2003
277,Finland,0.713,2003
278,France,1.8,2003
279,Germany,1.258,2003
28,Belgium,,1994
280,Greece,0.385,2003
281,Hungary,0.71,2003
282,Ireland,1.024,2003
283,Italy,1.526,2003
284,Latvia,0.253,2003
285,Lithuania,0.182,2003
286,Luxembourg,1.692,2003
287,Malta,1.401,2003
288,Netherlands,1.207,2003
289,Poland,0.366,2003
29,Bulgaria,1.583,1994
290,Portugal,1.458,2003
291,Romania,0.145,2003
292,Slovakia,0.648,2003
293,Slovenia,1.426,2003
294,Spain,1.598,2003
295,Sweden,0.914,2003
296,United Kingdom,1.194,2003
297,Austria,0.829,2004
298,Belgium,1.089,2004
299,Bulgaria,0.533,2004
3,Cyprus,-0.421,1993
30,Cyprus,1.047,1994
300,Cyprus,0.614,2004
301,Czechia,0.822,2004
302,Denmark,1.032,2004
303,Estonia,1.184,2004
304,Finland,1.233,2004
305,France,0.969,2004
306,Germany,0.998,2004
307,Greece,0.337,2004
308,Hungary,0.543,2004
309,Ireland,0.9,2004
31,Czechia,1.807,1994
310,Italy,0.746,2004
311,Latvia,1.027,2004
312,Lithuania,0.883,2004
313,Luxembourg,1.013,2004
314,Malta,0.699,2004
315,Netherlands,1.16,2004
316,Poland,0.781,2004
317,Portugal,1.062,2004
318,Romania,0.556,2004
319,Slovakia,0.539,2004
32,Denmark,0.967,1994
320,Slovenia,0.726,2004
321,Spain,1.004,2004
322,Sweden,1.198,2004
323,United Kingdom,1.035,2004
324,Austria,0.628,2005
325,Belgium,1.197,2005
326,Bulgaria,0.215,2005
327,Cyprus,0.335,2005
328,Czechia,0.752,2005
329,Denmark,1.282,2005
33,Estonia,0.359,1994
330,Estonia,1.597,2005
331,Finland,2.201,2005
332,France,1.02,2005
333,Germany,1.025,2005
334,Greece,0.213,2005
335,Hungary,0.236,2005
336,Ireland,1.175,2005
337,Italy,0.563,2005
338,Latvia,1.355,2005
339,Lithuania,1.206,2005
34,Finland,0.146,1994
340,Luxembourg,1.129,2005
341,Malta,0.67,2005
342,Netherlands,1.252,2005
343,Poland,0.881,2005
344,Portugal,1.032,2005
345,Romania,0.298,2005
346,Slovakia,0.395,2005
347,Slovenia,0.476,2005
348,Spain,0.902,2005
349,Sweden,1.825,2005
35,France,1.547,1994
350,United Kingdom,1.116,2005
351,Austria,0.907,2006
352,Belgium,1.404,2006
353,Bulgaria,0.571,2006
354,Cyprus,0.622,2006
355,Czechia,0.957,2006
356,Denmark,1.349,2006
357,Estonia,1.262,2006
358,Finland,1.204,2006
359,France,1.306,2006
36,Germany,1.625,1994
360,Germany,1.254,2006
361,Greece,0.254,2006
362,Hungary,0.699,2006
363,Ireland,1.159,2006
364,Italy,0.84,2006
365,Latvia,1.087,2006
366,Lithuania,0.923,2006
367,Luxembourg,1.357,2006
368,Malta,0.996,2006
369,Netherlands,1.507,2006
37,Greece,1.06,1994
370,Poland,0.835,2006
371,Portugal,1.561,2006
372,Romania,0.514,2006
373,Slovakia,0.629,2006
374,Slovenia,0.86,2006
375,Spain,1.526,2006
376,Sweden,1.485,2006
377,United Kingdom,1.25,2006
378,Austria,2.137,2007
379,Belgium,1.883,2007
38,Hungary,1.755,1994
380,Bulgaria,1.883,2007
381,Cyprus,0.814,2007
382,Czechia,2.175,2007
383,Denmark,2.136,2007
384,Estonia,2.269,2007
385,Finland,1.946,2007
386,France,1.407,2007
387,Germany,2.088,2007
388,Greece,1.08,2007
389,Hungary,2.142,2007
39,Ireland,0.282,1994
390,Ireland,1.345,2007
391,Italy,1.552,2007
392,Latvia,2.206,2007
393,Lithuania,2.196,2007
394,Luxembourg,1.94,2007
395,Malta,1.398,2007
396,Netherlands,2.074,2007
397,Poland,2.147,2007
398,Portugal,0.775,2007
399,Romania,2.126,2007
4,Czechia,0.293,1993
40,Italy,1.513,1994
400,Slovakia,2.148,2007
401,Slovenia,2.165,2007
402,Spain,0.835,2007
403,Sweden,1.938,2007
404,United Kingdom,1.332,2007
405,Austria,1.582,2008
406,Belgium,1.256,2008
407,Bulgaria,1.177,2008
408,Cyprus,1.031,2008
409,Czechia,1.654,2008
41,Latvia,0.689,1994
410,Denmark,1.853,2008
411,Estonia,2.607,2008
412,Finland,2.13,2008
413,France,0.992,2008
414,Germany,1.542,2008
415,Greece,0.881,2008
416,Hungary,1.495,2008
417,Ireland,0.836,2008
418,Italy,1.133,2008
419,Latvia,2.403,2008
42,Lithuania,0.947,1994
420,Lithuania,2.221,2008
421,Luxembourg,1.279,2008
422,Malta,1.271,2008
423,Netherlands,1.432,2008
424,Poland,1.752,2008
425,Portugal,0.649,2008
426,Romania,1.335,2008
427,Slovakia,1.523,2008
428,Slovenia,1.574,2008
429,Spain,0.864,2008
43,Luxembourg,,1994
430,Sweden,1.954,2008
431,United Kingdom,0.838,2008
432,Austria,1.544,2009
433,Belgium,1.158,2009
434,Bulgaria,1.291,2009
435,Cyprus,0.983,2009
436,Czechia,1.435,2009
437,Denmark,1.32,2009
438,Estonia,1.622,2009
439,Finland,1.695,2009
44,Malta,1.421,1994
440,France,1.212,2009
441,Germany,1.282,2009
442,Greece,0.771,2009
443,Hungary,1.613,2009
444,Ireland,0.804,2009
445,Italy,1.234,2009
446,Latvia,1.524,2009
447,Lithuania,1.396,2009
448,Luxembourg,1.188,2009
449,Malta,1.08,2009
45,Netherlands,1.367,1994
450,Netherlands,1.223,2009
451,Poland,1.274,2009
452,Portugal,1.423,2009
453,Romania,1.617,2009
454,Slovakia,1.496,2009
455,Slovenia,1.628,2009
456,Spain,1.36,2009
457,Sweden,1.432,2009
458,United Kingdom,0.948,2009
459,Austria,0.656,2010
46,Poland,1.371,1994
460,Belgium,0.233,2010
461,Bulgaria,1.361,2010
462,Cyprus,2.03,2010
463,Czechia,0.425,2010
464,Denmark,-0.199,2010
465,Estonia,0.554,2010
466,Finland,0.242,2010
467,France,0.395,2010
468,Germany,0.196,2010
469,Greece,1.584,2010
47,Portugal,0.684,1994
470,Hungary,0.806,2010
471,Ireland,-0.104,2010
472,Italy,0.755,2010
473,Latvia,0.704,2010
474,Lithuania,0.766,2010
475,Luxembourg,0.325,2010
476,Malta,1.243,2010
477,Netherlands,0.1,2010
478,Poland,0.403,2010
479,Portugal,1.122,2010
48,Romania,1.72,1994
480,Romania,1.167,2010
481,Slovakia,0.685,2010
482,Slovenia,0.769,2010
483,Spain,0.908,2010
484,Sweden,-0.279,2010
485,United Kingdom,-0.05,2010
486,Austria,1.373,2011
487,Belgium,1.289,2011
488,Bulgaria,0.422,2011
489,Cyprus,0.715,2011
49,Slovakia,1.702,1994
490,Czechia,1.054,2011
491,Denmark,0.677,2011
492,Estonia,1.299,2011
493,Finland,1.354,2011
494,France,1.534,2011
495,Germany,1.121,2011
496,Greece,0.394,2011
497,Hungary,0.891,2011
498,Ireland,0.559,2011
499,Italy,1.253,2011
5,Denmark,0.235,1993
50,Slovenia,1.865,1994
500,Latvia,1.151,2011
501,Lithuania,0.957,2011
502,Luxembourg,1.343,2011
503,Malta,1.013,2011
504,Netherlands,1.071,2011
505,Poland,0.765,2011
506,Portugal,1.615,2011
507,Romania,0.497,2011
508,Slovakia,0.84,2011
509,Slovenia,1.354,2011
51,Spain,1.044,1994
510,Spain,1.613,2011
511,Sweden,1.267,2011
512,United Kingdom,0.851,2011
513,Austria,1.783,2012
514,Belgium,1.13,2012
515,Bulgaria,1.678,2012
516,Cyprus,0.97,2012
517,Czechia,1.596,2012
518,Denmark,1.139,2012
519,Estonia,1.47,2012
52,Sweden,0.195,1994
520,Finland,1.54,2012
521,France,1.22,2012
522,Germany,1.349,2012
523,Greece,1.235,2012
524,Hungary,1.727,2012
525,Ireland,0.705,2012
526,Italy,1.543,2012
527,Latvia,1.408,2012
528,Lithuania,1.37,2012
529,Luxembourg,1.262,2012
53,United Kingdom,0.413,1994
530,Malta,1.44,2012
531,Netherlands,1.149,2012
532,Poland,1.383,2012
533,Portugal,0.797,2012
534,Romania,1.828,2012
535,Slovakia,1.569,2012
536,Slovenia,1.931,2012
537,Spain,1.043,2012
538,Sweden,1.313,2012
539,United Kingdom,0.576,2012
54,Austria,0.939,1995
540,Austria,1.098,2013
541,Belgium,0.463,2013
542,Bulgaria,1.476,2013
543,Cyprus,1.238,2013
544,Czechia,0.797,2013
545,Denmark,0.397,2013
546,Estonia,1.183,2013
547,Finland,1.424,2013
548,France,0.714,2013
549,Germany,0.583,2013
55,Belgium,,1995
550,Greece,1.317,2013
551,Hungary,1.159,2013
552,Ireland,0.568,2013
553,Italy,1.006,2013
554,Latvia,1.082,2013
555,Lithuania,0.967,2013
556,Luxembourg,0.569,2013
557,Malta,1.343,2013
558,Netherlands,0.427,2013
559,Poland,0.651,2013
56,Bulgaria,0.221,1995
560,Portugal,0.941,2013
561,Romania,1.37,2013
562,Slovakia,0.949,2013
563,Slovenia,1.234,2013
564,Spain,0.906,2013
565,Sweden,0.857,2013
566,United Kingdom,0.364,2013
567,Austria,2.409,2014
568,Belgium,2.417,2014
569,Bulgaria,1.196,2014
57,Cyprus,0.058,1995
570,Cyprus,1.048,2014
571,Czechia,2.527,2014
572,Denmark,2.677,2014
573,Estonia,2.447,2014
574,Finland,2.591,2014
575,France,2.049,2014
576,Germany,2.519,2014
577,Greece,1.06,2014
578,Hungary,2.229,2014
579,Ireland,1.357,2014
58,Czechia,1.044,1995
580,Italy,1.638,2014
581,Latvia,2.33,2014
582,Lithuania,2.238,2014
583,Luxembourg,2.475,2014
584,Malta,1.507,2014
585,Netherlands,2.564,2014
586,Poland,2.38,2014
587,Portugal,1.349,2014
588,Romania,1.552,2014
589,Slovakia,2.379,2014
59,Denmark,1.304,1995
590,Slovenia,2.431,2014
591,Spain,1.603,2014
592,Sweden,2.704,2014
593,United Kingdom,1.718,2014
594,Austria,2.167,2015
595,Belgium,1.371,2015
596,Bulgaria,1.438,2015
597,Cyprus,1.139,2015
598,Czechia,2.141,2015
599,Denmark,1.516,2015
6,Estonia,0.553,1993
60,Estonia,1.748,1995
600,Estonia,2.377,2015
601,Finland,2.613,2015
602,France,1.612,2015
603,Germany,1.674,2015
604,Greece,0.904,2015
605,Hungary,2.067,2015
606,Ireland,0.449,2015
607,Italy,1.704,2015
608,Latvia,2.166,2015
609,Lithuania,2.095,2015
61,Finland,1.701,1995
610,Luxembourg,1.528,2015
611,Malta,1.403,2015
612,Netherlands,1.29,2015
613,Poland,2.013,2015
614,Portugal,1.405,2015
615,Romania,1.799,2015
616,Slovakia,2.122,2015
617,Slovenia,2.125,2015
618,Spain,1.533,2015
619,Sweden,2.069,2015
62,France,1.326,1995
620,United Kingdom,0.614,2015
621,Austria,2.096,2016
622,Belgium,1.882,2016
623,Bulgaria,1.899,2016
624,Cyprus,1.493,2016
625,Czechia,2.1,2016
626,Denmark,1.852,2016
627,Estonia,1.936,2016
628,Finland,2.151,2016
629,France,1.794,2016
63,Germany,1.307,1995
630,Germany,1.988,2016
631,Greece,1.561,2016
632,Hungary,1.89,2016
633,Ireland,1.04,2016
634,Italy,1.716,2016
635,Latvia,1.946,2016
636,Lithuania,1.944,2016
637,Luxembourg,1.877,2016
638,Malta,1.748,2016
639,Netherlands,1.936,2016
64,Greece,-0.043,1995
640,Poland,2.056,2016
641,Portugal,1.682,2016
642,Romania,1.876,2016
643,Slovakia,1.959,2016
644,Slovenia,2.046,2016
645,Spain,1.714,2016
646,Sweden,1.841,2016
647,United Kingdom,1.161,2016
648,Austria,1.741,2017
649,Belgium,1.731,2017
65,Hungary,0.631,1995
650,Bulgaria,0.954,2017
651,Cyprus,0.776,2017
652,Czechia,1.616,2017
653,Denmark,1.619,2017
654,Estonia,1.502,2017
655,Finland,1.487,2017
656,France,1.796,2017
657,Germany,1.653,2017
658,Greece,0.642,2017
659,Hungary,1.336,2017
66,Ireland,1.198,1995
660,Ireland,1.264,2017
661,Italy,1.606,2017
662,Latvia,1.503,2017
663,Lithuania,1.542,2017
664,Luxembourg,1.647,2017
665,Malta,1.224,2017
666,Netherlands,1.731,2017
667,Poland,1.475,2017
668,Portugal,2.109,2017
669,Romania,1.153,2017
67,Italy,0.418,1995
670,Slovakia,1.276,2017
671,Slovenia,1.721,2017
672,Spain,2.036,2017
673,Sweden,1.588,2017
674,United Kingdom,1.424,2017
675,Austria,2.524,2018
676,Belgium,2.196,2018
677,Bulgaria,2.192,2018
678,Cyprus,2.119,2018
679,Czechia,2.672,2018
68,Latvia,1.626,1995
680,Denmark,2.109,2018
681,Estonia,2.413,2018
682,Finland,2.157,2018
683,France,2.06,2018
684,Germany,2.393,2018
685,Greece,1.905,2018
686,Hungary,2.524,2018
687,Ireland,0.783,2018
688,Italy,1.834,2018
689,Latvia,2.36,2018
69,Lithuania,1.515,1995
690,Lithuania,2.427,2018
691,Luxembourg,2.468,2018
692,Malta,1.441,2018
693,Netherlands,2.135,2018
694,Poland,2.434,2018
695,Portugal,0.906,2018
696,Romania,2.266,2018
697,Slovakia,2.549,2018
698,Slovenia,2.412,2018
699,Spain,1.149,2018
7,Finland,0.937,1993
70,Luxembourg,,1995
700,Sweden,1.844,2018
701,United Kingdom,0.998,2018
702,Austria,2.37,2019
703,Belgium,2.081,2019
704,Bulgaria,2.112,2019
705,Cyprus,1.524,2019
706,Czechia,2.561,2019
707,Denmark,2.18,2019
708,Estonia,2.218,2019
709,Finland,1.452,2019
71,Malta,0.461,1995
710,France,2.023,2019
711,Germany,2.332,2019
712,Greece,1.381,2019
713,Hungary,2.353,2019
714,Ireland,1.201,2019
715,Italy,1.698,2019
716,Latvia,2.462,2019
717,Lithuania,2.642,2019
718,Luxembourg,2.155,2019
719,Malta,1.29,2019
72,Netherlands,1.542,1995
720,Netherlands,2.142,2019
721,Poland,2.652,2019
722,Portugal,1.291,2019
723,Romania,2.241,2019
724,Slovakia,2.42,2019
725,Slovenia,2.34,2019
726,Spain,1.534,2019
727,Sweden,1.568,2019
728,United Kingdom,1.231,2019
729,Austria,2.315,2020
73,Poland,1.11,1995
730,Belgium,2.572,2020
731,Bulgaria,2.037,2020
732,Cyprus,1.668,2020
733,Czechia,2.361,2020
734,Denmark,2.633,2020
735,Estonia,3.625,2020
736,Finland,3.317,2020
737,France,2.551,2020
738,Germany,2.516,2020
739,Greece,1.307,2020
74,Portugal,1.663,1995
740,Hungary,1.99,2020
741,Ireland,1.075,2020
742,Italy,1.902,2020
743,Latvia,3.55,2020
744,Lithuania,3.445,2020
745,Luxembourg,2.632,2020
746,Malta,1.643,2020
747,Netherlands,2.483,2020
748,Poland,2.677,2020
749,Portugal,1.99,2020
75,Romania,0.409,1995
750,Romania,2.256,2020
751,Slovakia,2.027,2020
752,Slovenia,2.228,2020
753,Spain,2.083,2020
754,Sweden,2.943,2020
755,United Kingdom,1.373,2020
756,Austria,1.395,2021
757,Belgium,1.203,2021
758,Bulgaria,1.629,2021
759,Cyprus,1.994,2021
76,Slovakia,0.686,1995
760,Czechia,1.321,2021
761,Denmark,1.69,2021
762,Estonia,2.167,2021
763,Finland,1.938,2021
764,France,1.337,2021
765,Germany,1.325,2021
766,Greece,1.655,2021
767,Hungary,1.43,2021
768,Ireland,1.019,2021
769,Italy,1.569,2021
77,Slovenia,0.796,1995
770,Latvia,1.987,2021
771,Lithuania,1.792,2021
772,Luxembourg,1.158,2021
773,Malta,2.123,2021
774,Netherlands,1.316,2021
775,Poland,1.466,2021
776,Portugal,1.251,2021
777,Romania,1.447,2021
778,Slovakia,1.287,2021
779,Slovenia,1.524,2021
78,Spain,1.444,1995
780,Spain,1.431,2021
781,Sweden,1.846,2021
782,United Kingdom,0.929,2021
783,Austria,2.498,2022
784,Belgium,2.807,2022
785,Bulgaria,1.831,2022
786,Cyprus,1.237,2022
787,Czechia,2.394,2022
788,Denmark,2.219,2022
789,Estonia,1.961,2022
79,Sweden,1.263,1995
790,Finland,2.062,2022
791,France,2.929,2022
792,Germany,2.596,2022
793,Greece,1.04,2022
794,Hungary,2.142,2022
795,Ireland,1.764,2022
796,Italy,2.135,2022
797,Latvia,1.953,2022
798,Lithuania,1.96,2022
799,Luxembourg,2.926,2022
8,France,0.325,1993
80,United Kingdom,1.119,1995
800,Malta,1.955,2022
801,Netherlands,2.601,2022
802,Poland,2.056,2022
803,Portugal,2.318,2022
804,Romania,1.949,2022
805,Slovakia,2.018,2022
806,Slovenia,2.435,2022
807,Spain,2.489,2022
808,Sweden,2.11,2022
809,United Kingdom,1.911,2022
81,Austria,-0.203,1996
82,Belgium,,1996
83,Bulgaria,-0.36,1996
84,Cyprus,0.253,1996
85,Czechia,-0.602,1996
86,Denmark,-0.753,1996
87,Estonia,-0.35,1996
88,Finland,0.137,1996
89,France,0.188,1996
9,Germany,0.31,1993
90,Germany,-0.699,1996
91,Greece,-0.161,1996
92,Hungary,-0.34,1996
93,Ireland,-0.006,1996
94,Italy,0.233,1996
95,Latvia,-0.411,1996
96,Lithuania,-0.518,1996
97,Luxembourg,,1996
98,Malta,0.639,1996
99,Netherlands,-0.779,1996
